linenr,linename
  1,WARSZAWA ZACHODNIA - KATOWICE
  2,WARSZAWA ZACHODNIA - TERESPOL
  3,WARSZAWA ZACHODNIA - KUNOWICE
  4,GRODZISK MAZOWIECKI - ZAWIERCIE
  6,ZIELONKA - KUèNICA BIA£OSTOCKA
  7,WARSZAWA WSCHODNIA OSOBOWA - DOROHUSK
  8,WARSZAWA ZACHODNIA - KRAK”W G£”WNY
  9,WARSZAWA WSCHODNIA OSOBOWA - GDA—SK G£”WNY
 10,LEGIONOWO - T£USZCZ
 11,SKIERNIEWICE - £OWICZ G£”WNY
 12,SKIERNIEWICE - £UK”W
 13,KRUSZE - PILAWA
 14,£”Dè KALISKA - TUPLICE
 15,BEDNARY - £”Dè KALISKA
 16,£”Dè WIDZEW - KUTNO
 17,£”Dè FABRYCZNA - KOLUSZKI
 18,KUTNO - PI£A G£”WNA
 19,WARSZAWA G£”WNA TOWAROWA - J”ZEFIN”W
 20,WARSZAWA G£”WNA TOWAROWA - WARSZAWA PRAGA
 21,WARSZAWA WILE—SKA - WO£OMIN S£ONECZNA
 22,TOMASZ”W MAZOWIECKI - RADOM G£”WNY
 23,"WARSZAWA G£”WNA OSOBOWA - WARSZAWA ZACHODNIA T2/1G, 12/2G"
 24,PIOTRK”W TRYBUNALSKI - ZARZECZE
 25,£”Dè KALISKA - D BICA
 26,£UK”W - RADOM G£”WNY
 27,NASIELSK - TORU— WSCHODNI
 28,WIELISZEW - ZEGRZE PO£UDNIOWE
 29,T£USZCZ - OSTRO£ KA
 30,£UK”W - LUBLIN P”£NOCNY
 31,SIEDLCE - SIEMIAN”WKA
 32,CZEREMCHA - BIA£YSTOK
 33,KUTNO - BRODNICA
 34,OSTRO£ KA - MA£KINIA
 35,OSTRO£ KA - SZCZYTNO
 36,OSTRO£ KA - £APY
 37,BIA£YSTOK - ZUBKI BIA£OSTOCKIE
 38,BIA£YSTOK - G£OMNO
 39,OLECKO - SUWA£KI
 40,SOK”£KA - SUWA£KI
 41,E£K - GO£DAP
 42,"WARSZAWA G£”WNA OSOBOWA - WARSZAWA SZCZ åLIWICE T610/202/3,2/68"
 43,CZEREMCHA - BRZEå∆
 44,MIKO£AJ”W - REGNY
 45,"WARSZAWA WSCHODNIA OSOBOWA - WARSZAWA GROCH”W T1G,2G"
 46,"WARSZAWA ZACHODNIA - WARSZAWA CZYSTE T201,2S"
 49,åNIADOWO - £OMØA
 51,SUWA£KI - TRAKISZKI
 52,LEWKI - NIEZNANY B”R
 53,TOMASZ”W MAZOWIECKI - SPA£A
 55,SOKO£”W PODLASKI - SIEDLCE
 57,KUèNICA BIA£OSTOCKA - GENIUSZE (SZ)
 59,GRANICA PA—STWA (SVISLAC) - ZAB£OTCZYZNA (SZ)
 60,KOBYLANY - TERESPOL (SZ)
 61,KIELCE - FOSOWSKIE
 62,TUNEL - SOSNOWIEC G£”WNY
 63,DOROHUSK - ZAWAD”WKA NAFTOBAZA (SZ)
 64,KOZ£”W - KONIECPOL
 66,ZWIERZYNIEC TOWAROWY - STALOWA WOLA PO£UDNIE
 67,LUBLIN G£”WNY - åWIDNIK
 68,LUBLIN G£”WNY - PRZEWORSK
 69,REJOWIEC - HREBENNE
 70,W£OSZCZOWICE - CHMIEL”W
 71,OCICE - RZESZ”W G£”WNY
 72,ZAWADA - HRUBIESZ”W MIASTO
 73,SITK”WKA NOWINY - BUSKO ZDR”J
 74,SOB”W - STALOWA WOLA ROZWAD”W
 75,RYTWIANY - PO£ANIEC
 76,B•KOWIEC - KOZIENICE
 77,JANIK”W - åWIERØE G”RNE
 78,SANDOMIERZ - GR B”W
 79,PADEW - WOLA BARANOWSKA
 81,CHE£M - W£ODAWA
 82,B•KOWIEC - PU£AWY AZOTY
 83,ZAWADA - ZAMOå∆ BORTATYCZE
 90,ZEBRZYDOWICE - CIESZYN
 91,KRAK”W G£”WNY - MEDYKA
 92,PRZEMYåL G£”WNY - MEDYKA (SZ)
 93,TRZEBINIA - ZEBRZYDOWICE
 94,KRAK”W P£ASZ”W - OåWI CIM
 95,KRAK”W MYDLNIKI - POD£ ØE
 96,TARN”W - LELUCH”W
 97,SKAWINA - ØYWIEC
 98,SUCHA BESKIDZKA - CHAB”WKA
 99,CHAB”WKA - ZAKOPANE
100,KRAK”W MYDLNIKI - KRAK”W BIEØAN”W
101,MUNINA - HREBENNE
102,PRZEMYåL G£”WNY - MALHOWICE
103,TRZEBINIA - WADOWICE
104,CHAB”WKA - NOWY S•CZ
105,MUSZYNA - KRYNICA-ZDR”J
106,RZESZ”W G£”WNY - JAS£O
107,NOWY ZAG”RZ - £UPK”W
108,STR”ØE - KROåCIENKO
109,KRAK”W BIEØAN”W - WIELICZKA RYNEK KOPALNIA
110,GORLICE ZAG”RZANY - GORLICE
114,TRZEBINIA - TRZEBINIA SIERSZA
115,TARN”W - SZCZUCIN
116,GRANICA PA—STWA (WERCHRATA) - KAPLISZE (SZ)
117,KALWARIA ZEBRZYDOWSKA LANCKORONA - BIELSKO BIA£A G£”WNA
118,KRAK”W G£”WNY - KRAK”W LOTNISKO
119,ØURAWICA - MA£KOWICE
120,HURKO - KR”WNIKI
121,MEDYKA - CHA£UPKI MEDYCKIE
123,HURKO - KR”WNIKI (SZ)
124,MEDYKA - CHA£UPKI MEDYCKIE (SZ)
125,ØURAWICA - MA£KOWICE (SZ)
126,CHRZAN”W - P£AZA
127,RADZIONK”W - TARNOWSKIE G”RY TGB T3
128,RADZIONK”W - NAK£O åL•SKIE T4
129,TARNOWSKIE G”RY TGB - TARNOWSKIE G”RY TGE
130,TARNOWSKIE G”RY TGD - KALETY T4
131,CHORZ”W BATORY - TCZEW
132,BYTOM - WROC£AW G£”WNY
133,D•BROWA G”RNICZA Z•BKOWICE - KRAK”W G£”WNY
134,JAWORZNO SZCZAKOWA - MYS£OWICE
135,GLIWICE £AB DY - PYSKOWICE
136,K DZIERZYN KOèLE - OPOLE GROSZOWICE
137,KATOWICE - LEGNICA
138,OåWI CIM - KATOWICE
139,KATOWICE - ZWARDO—
140,KATOWICE LIGOTA - N DZA
141,KATOWICE LIGOTA - GLIWICE
142,KATOWICE LIGOTA - TYCHY
143,KALETY - WROC£AW POPOWICE WP2
144,TARNOWSKIE G”RY - OPOLE G£”WNE
145,CHORZ”W STARY - RADZIONK”W
146,WYCZERPY - CHORZEW SIEMKOWICE
147,ZABRZE BISKUPICE - GLIWICE
148,PSZCZYNA - RYBNIK
149,ZABRZE MAKOSZOWY - LESZCZYNY
150,MOST WIS£A - CHYBIE
151,K DZIERZYN KOèLE - CHA£UPKI
152,PACZYNA - LUBLINIEC
153,TOSZEK P”£NOC - RUDZINIEC GLIWICKI
154,£AZY - D•BROWA G”RNICZA TOWAROWA
155,KUCELINKA - PORAJ
156,BUKOWNO - JAWORZNO SZCZAKOWA
157,PAW£OWICE åL•SKIE - SKOCZ”W
158,RYBNIK TOWAROWY - CHA£UPKI
159,ØORY - PAW£OWICE
160,ZAWIERCIE ZW - D•BROWA G”RNICZA Z•BKOWICE DZA T3
161,KATOWICE SZOPIENICE P”£NOCNE - CHORZ”W STARY
162,D•BROWA G”RNICZA STRZEMIESZYCE - D•BROWA G”RNICZA HUTA KATOWICE
163,SOSNOWIEC KAZIMIERZ - SOSNOWIEC MACZKI
164,CHORZ”W BATORY - RUDA KOCH£OWICE
165,BYTOM BOBREK - BYTOM KARB
167,SZOBISZOWICE - GLIWICE PORT
168,GLIWICE - GLIWICE £AB DY
169,TYCHY - ORZESZE JAåKOWICE
171,D•BROWA G”RNICZA TOWAROWA - PANEWNIK
172,GIERA£TOWICE - CHUD”W
173,RYBNIK - SUMINA
174,K DZIERZYN KOèLE KKD - ØABIENIEC
175,STRZELCE OPOLSKIE - KLUCZBORK
177,RACIB”RZ - G£UBCZYCE
179,TYCHY - MYS£OWICE KOSZTOWY MKSB1
180,DOROTA - MYS£OWICE BRZEZINKA
181,HERBY NOWE - OLEåNICA
182,TARNOWSKIE G”RY - ZAWIERCIE
183,D•BROWA G”RNICZA Z•BKOWICE - B DZIN £AGISZA
186,ZAWIERCIE - D•BROWA G”RNICZA Z•BKOWICE DZA T4
187,KWK POK”J - RUDA ORZEG”W
188,BYTOM BOBREK - ZABRZE BISKUPICE
189,RUDA CHEBZIE - ZABRZE BISKUPICE
190,BIELSKO-BIA£A G£”WNA - CIESZYN
191,GOLESZ”W - WIS£A G£ BCE
194,PIETROWICE WIELKIE - KIETRZ
199,RUDZINIEC GLIWICKI - K DZIERZYN KOèLE KKA
200,GLIWICE - GLIWICE SOåNICA KWK SOåNICA MAKOSZOWY
201,NOWA WIEå WIELKA - GDYNIA PORT
202,GDA—SK G£”WNY - STARGARD
203,TCZEW - KOSTRZYN
204,MALBORK - BRANIEWO
205,WIELEWO - ANIELIN GRADOWO (SZ)
206,INOWROC£AW R•BINEK - ØNIN
207,TORU— WSCHODNI - MALBORK
208,DZIA£DOWO - CHOJNICE
209,KOWALEWO POMORSKIE - BYDGOSZCZ WSCH”D
210,CHOJNICE - RUNOWO POMORSKIE
211,CHOJNICE - KOåCIERZYNA
212,BYT”W - KORZYBIE
213,REDA - HEL
214,SOMONINO - KARTUZY
215,LASKOWICE POMORSKIE - B•K
216,DZIA£DOWO - OLSZTYN G£”WNY
217,WIELKIE WIERZNO - BRANIEWO (SZ)
218,PRABUTY - KWIDZYN
219,OLSZTYN G£”WNY - E£K
220,OLSZTYN G£”WNY - BOGACZEWO
221,OLSZTYN GUTKOWO - BRANIEWO
223,CZERWONKA - E£K
225,NIDZICA - WIELBARK
226,PRUSZCZ GDA—SKI - GDA—SK PORT P”£NOCNY
227,GDA—SK G£”WNY - GDA—SK ZASPA TOWAROWA
228,RUMIA - GDYNIA PORT OKSYWIE
229,PRUSZCZ GDA—SKI - £EBA
230,WEJHEROWO - GARCZEGORZE
231,INOWROC£AW R•BINEK - KRUSZWICA
234,KOKOSZKI - STARA PI£A
235,MATARNIA - GDA—SK OSOWA
236,W•GROWIEC - BZOWO GORAJ
237,L BORK - MASZEWO L BORSKIE
238,OPALENIE TCZEWSKIE - SM TOWO
240,åWIECIE NAD WIS£• - TERESPOL POMORSKI
241,TUCHOLA - KORONOWO
243,JAB£OWO - STAROGARD GDA—SKI
244,MORZESZCZYN - GNIEW
245,ALEKSANDR”W KUJAWSKI - CIECHOCINEK
246,TORU— WSCHODNI - OLEK
248,GDA—SK WRZESZCZ - GDA—SK OSOWA
249,GDA—SK G£”WNY - GDA—SK BRZEèNO
250,GDA—SK G£”WNY - RUMIA
253,GDA—SK R BIECHOWO - GDA—SK OSOWA
254,TROPY - BRANIEWO
256,SZYMANKOWO - NOWY DW”R GDA—SKI
259,K TRZYN - W GORZEWO
260,ZAJ•CZKOWO TCZEWSKIE - PRUSZCZ GDA—SKI
265,ZAJ•CZKOWO TCZEWSKIE - PSZCZ”£KI
271,WROC£AW G£”WNY - POZNA— G£”WNY
272,KLUCZBORK - POZNA— G£”WNY
273,WROC£AW G£”WNY - SZCZECIN G£”WNY
274,WROC£AW åWIEBODZKI - ZGORZELEC
275,WROC£AW MUCHOB”R - GUBINEK
276,WROC£AW G£”WNY - MI DZYLESIE
277,OPOLE GROSZOWICE - WROC£AW BROCH”W
278,W GLINIEC - ZGORZELEC
279,LUBA— - W GLINIEC
280,OPOLE GROSZOWICE - OPOLE G£”WNE
281,OLEåNICA - CHOJNICE
282,MI£KOWICE - ØARY
283,JELENIA G”RA - ØAGA—
284,LEGNICA - JERZMANICE ZDR”J
285,WROC£AW G£”WNY - JEDLINA-ZDR”J
286,K£ODZKO G£”WNE - WA£BRZYCH G£”WNY
287,OPOLE ZACHODNIE - NYSA
288,NYSA - BRZEG
289,LEGNICA - RUDNA GWIZDAN”W
290,MIKU£OWA - GRANICA PA—STWA (KRZEWINA ZGORZELECKA)
291,BOGUSZ”W GORCE WSCH”D - MIEROSZ”W
292,JELCZ MI£OSZYCE - WROC£AW OSOBOWICE
293,JE£OWA - KLUCZBORK
294,G£UBCZYCE - RAC£AWICE åL•SKIE
295,W GLINIEC - BIELAWA DOLNA
296,WIELKIE PIEKARY - MI£KOWICE
297,NOWY åWI T”W - G£UCHO£AZY ZDR”J
298,KAMIENNA G”RA - S DZIS£AW
299,KAMIENNA G”RA - LUBAWKA
300,OPOLE G£”WNE - OPOLE WSCH”D
301,OPOLE G£”WNE - NAMYS£”W
302,MALCZYCE - BOLK”W
303,ROKITKI - DUNIN”W
304,BRZEG - MA£UJOWICE
306,KRAPKOWICE - PRUDNIK
308,OGORZELEC - JELENIA G”RA
309,K£ODZKO NOWE - KUDOWA ZDR”J
311,JELENIA G”RA - GRANICA PA—STWA (JAKUSZYCE)
312,KRZENI”W II - JERZMANICE ZDR”J
322,K£ODZKO NOWE - STRONIE åL•SKIE
324,R CZYN - GRANICA PA—STWA (HAGENWERDER)
325,BABOR”W - PILSZCZ
326,WROC£AW PSIE POLE - TRZEBNICA
327,NOWA RUDA S£UPIEC - åCINAWKA åREDNIA
329,SZYD£”W - GRACZE
333,G£UCHO£AZY - POKRZYWNA
337,LUBA— - LEåNA
341,BIELAWA ZACHODNIA - DZIERØONI”W åL•SKI
342,JERZMANICE ZDR”J - WILK”W Z£OTORYJSKI
343,G£UCHO£AZY - GRANICA PA—STWA (MIKULOVICE)
344,WILKA - ZAWID”W
345,KAMIENNA G”RA - PISARZOWICE
348,TRZCINIEC ZGORZELECKI - GRANICA PA—STWA (ZITTAU)
349,åWI TA KATARZYNA - WROC£AW KUèNIKI
351,POZNA— G£”WNY - SZCZECIN G£”WNY
352,SWARZ DZ - POZNA— STARO£ KA
353,POZNA— WSCH”D - SKANDAWA
354,POZNA— G£”WNY POD - PI£A G£”WNA
355,OSTR”W WIELKOPOLSKI - GRABOWNO WIELKIE
356,POZNA— WSCH”D - BYDGOSZCZ G£”WNA
357,POWODOWO - LUBO— K. POZNANIA
358,ZB•SZYNEK - GUBIN
359,LESZNO - ZB•SZY—
360,JAROCIN - K•KOLEWO
362,KOBYLIN - RAWICZ
363,MI DZYCH”D - SKWIERZYNA
364,WIERZBNO - RZEPIN
366,KURZAG”RA - KOåCIAN
367,ZB•SZYNEK - GORZ”W WIELKOPOLSKI
368,SZAMOTU£Y - MI DZYCH”D
369,MIESZK”W - åREM
370,ZIELONA G”RA - ØARY
371,WOLSZTYN - KRZYØ RUDNO
373,MI DZYCH”D - ZB•SZY—
374,MIROS£AW UJSKI - PI£A G£”WNA
375,MI DZYRZECZ - TOPOR”W
377,GNIEZNO WINIARY - S£AWA WIELKOPOLSKA
379,CIGACICE - SULECH”W
380,JANKOWA ØAGA—SKA - SANICE
382,P•TN”W LEGNICKI - LEGNICA LG5
389,ØAGA— - JANKOWA ØAGA—SKA
390,BZOWO GORAJ - CZARNK”W
393,CIGACICE - CIGACICE PORT
394,POZNA— KRZESINY - KOBYLNICA
395,ZIELINIEC - KIEKRZ
401,SZCZECIN D•BIE SDB - åWINOUJåCIE PORT
402,KOSZALIN - GOLENI”W
403,PI£A P”£NOC - ULIKOWO
404,SZCZECINEK - KO£OBRZEG
405,PI£A G£”WNA - USTKA
406,SZCZECIN G£”WNY - TRZEBIEØ SZCZECI—SKI
407,WYSOKA KAMIE—SKA - KAMIE— POMORSKI
408,SZCZECIN G£”WNY - STOBNO SZCZECI—SKIE
409,SZCZECIN GUMIE—CE - GRANICA PA—STWA (TANTOW)
410,GROTNIKI DRAWSKIE - CHOSZCZNO
411,STARGARD - PYRZYCE
413,CZ£UCH”W - PRZECHLEWO
415,GORZ”W WIELKOPOLSKI - GORZ”W WIELKOPOLSKI WIEPRZYCE
417,GRANICA PLK - SZCZECIN D•BIE
418,S£AWNO - DAR£OWO
421,SMARDZKO - åWIDWIN
422,PYRZYCE - G£AZ”W
426,STRZELCE KRAJE—SKIE WSCH”D - STRZELCE KRAJE—SKIE
427,MåCICE - MIELNO KOSZALI—SKIE
428,SZCZECIN D•BIE SDB - SZCZECIN PODJUCHY
429,STOBNO SZCZECI—SKIE - DO£UJE
430,BARN”WKO - KOSTRZYN
431,POLICE - POLICE CHEMIA
432,SZCZECIN WSTOWO - SZCZECIN TURZYN
433,SZCZECIN G£”WNY SG - SZCZECIN GUMIE—CE
434,PODG MOSTY - PORT LOTNICZY SZCZECIN GOLENI”W
435,PODG MOSTY R1 - PODG MOSTY R2
436,CZERWIE—SK PO£UDNIE - CZERWIE—SK WSCH”D
440,WARSZAWA S£UØEWIEC - WARSZAWA LOTNISKO CHOPINA
445,WARSZAWA ZACHODNIA - WARSZAWA ALEJE JEROZOLIMSKIE
446,TERESPOL - GRANICA PA—STWA (BREST) (SZ)
447,WARSZAWA ZACHODNIA - GRODZISK MAZOWIECKI
448,WARSZAWA ZACHODNIA - WARSZAWA REMBERT”W
449,WARSZAWA REMBERT”W - ZIELONKA
452,WARSZAWA WSCHODNIA OSOBOWA - WARSZAWA GROCH”W T4G
453,TERESPOL - GRANICA PA—STWA (BREST) T3
456,WARSZAWA PRAGA R 95 - CHOTOM”W
457,WARSZAWA W£OCHY - WARSZAWA W£OCHY T3£
458,£”Dè FABRYCZNA - £”Dè WIDZEW
459,BREST - GRANICA PA—STWA (TERESPOL)
460,(GRODNO) BRUZGI - GRANICA PA—STWA (KUèNICA BIA£OSTOCKA)
461,SVISLAC - GRANICA PA—STWA (SIEMIAN”WKA)
463,VYSOKOLITOVSK - GRANICA PA—STWA (CZEREMCHA)
464,(GRODNO) BRUZGI - GRANICA PA—STWA (KUèNICA BIA£OSTOCKA SZ)
466,SVISLAC - GRANICA PA—STWA (SIEMIAN”WKA) (SZ)
467,BREST - GRANICA PA—STWA (TERESPOL SZ)
468,JAGODIN - GRANICA PA—STWA (DOROHUSK)
469,GRANICA PA—STWA (DOROHUSK) - JAGODIN (SZ)
471,RAWA RUSKAJA - GRANICA PA—STWA (HREBENNE)
472,MOSTISKA II - GRANICA PA—STWA (MEDYKA)
473,MOSTISKA II - GRANICA PA—STWA (MEDYKA SZ)
475,CHIROW OSOBOWY - GRANICA PA—STWA (KROåCIENKO)
476,RAWA RUSKAJA - GRANICA PA—STWA (WERCHRATA - SZ)
477,MOCKAVA - GRANICA PA—STWA (TRAKISZKI)
478,PETROVICE U. KARVINE - GRANICA PA—STWA (ZEBRZYDOWICE)
479,BOHUMIN - GRANICA PA—STWA (CHA£UPKI)
480,CESKY TESIN - GRANICA PA—STWA (CIESZYN MARKL.)
481,LICHKOV - LICHKOV STATNI HRANICE (MI DZYLESIE)
482,MEZIMESTI - GRANICA PA—STWA (MIEROSZ”W)
483,KRALOVEC - GRANICA PA—STWA (LUBAWKA)
484,JINDRICHOV VE SLEZSKU - GRANICA PA—STWA (G£UCHO£AZY)
485,MIKULOVICE - GRANICA PA—STWA (G£UCHO£AZY)
486,VISNOVA - GRANICA PA—STWA (ZAWID”W)
487,PLAVEC - GRANICA PA—STWA (MUSZYNA)
488,MEDZILABORCE - GRANICA PA—STWA (£UPK”W)
489,SKALITE - GRANICA PA—STWA (ZWARDO—)
490,FRANKFURT N/O - GRANICA PA—STWA (RZEPIN)
491,FORST - GRANICA PA—STWA (ZASIEKI)
492,KIETZ - GRANICA PA—STWA (KOSTRZYN)
493,GRANICA PA—STWA (ZGORZELEC) - GOERLITZ
494,GUBEN - GRANICA PA—STWA (GUBIN)
495,GRANICA PA—STWA (BIELAWA DOLNA) - HORKA
496,GRANICA PA—STWA (KRZEWINA ZGORZELECKA) - HAGENWERDER
497,ZITTAU - GRANICA PA—STWA (TRZCINIEC ZGORZELECKI)
498,GRANICA PA—STWA (SZCZECIN GUMIE—CE) - LOECKNITZ
499,TANTOW - GRANICA PA—STWA (SZCZECIN GUMIE—CE)
501,WARSZAWA PRAGA R 201 - WARSZAWA PRAGA R 15
502,WARSZAWA PRAGA R 6 - WARSZAWA WSCHODNIA TOWAROWA
503,WARSZAWA WILE—SKA MARKI - WARSZAWA WSCHODNIA TOWAROWA
504,WARSZAWA PRAGA R22 - WARSZAWA PRAGA R25
505,WARSZAWA PRAGA R 28 - WARSZAWA PRAGA R 30
506,WARSZAWA ANTONIN”W - WARSZAWA WAWER
507,WARSZAWA G£”WNA TOWAROWA - WARSZAWA GO£•BKI
509,WARSZAWA G£”WNA TOWAROWA - WARSZAWA GDA—SKA
510,WARSZAWA G£”WNA TOWAROWA - WARSZAWA ALEJE JEROZOLIMSKIE
511,LEGIONOWO - LEGIONOWO PIASKI
513,KRUSZE R7 - T£USZCZ
515,BIA£YSTOK - BIA£YSTOK STAROSIELCE
516,TURCZYN - BIA£YSTOK STAROSIELCE
517,PAPIERNIA - LAS SUWALSKI
519,BIA£YSTOK R606 - BIA£YSTOK R603
520,DO£Y R2 - DO£Y R12
521,MI—SK MAZOWIECKI R 4 - MI—SK MAZOWIECKI R 101
522,MI—SK MAZOWIECKI R 102 - MI—SK MAZOWIECKI R 45
523,£UK”W R3 - £UK”W R13
524,JAèWINY - ØO£NIERKA
525,CZACH”WEK PO£UDNIOWY - CZACH”WEK WSCHODNI
526,CZACH”WEK ZACHODNI - CZACH”WEK PO£UDNIOWY R3
527,CZACH”WEK PO£UDNIOWY R7 - CZACH”WEK WSCHODNI
528,CZACH”WEK ZACHODNI - CZACH”WEK PO£UDNIOWY
529,SKIERNIEWICE R3 - SKIERNIEWICE R310
530,SKIERNIEWICE R95 - SKIERNIEWICE R86
531,£OWICZ G£”WNY £G1 - £OWICZ PRZEDMIEåCIE
532,£OWICZ G£”WNY - £OWICZ PRZEDMIEåCIE
533,ARKADIA - PLACENCJA
534,KOLUSZKI - MIKO£AJ”W
535,ØAKOWICE PO£UDNIOWE R 7 - KOLUSZKI
536,S£OTWINY - KOLUSZKI R 155
537,ØAKOWICE PO£UDNIOWE - S£OTWINY
538,KOLUSZKI R 145 - KOLUSZKI R 154
539,£”Dè KALISKA TOWAROWA - RETKINIA
540,£”Dè CHOJNY - £”Dè WIDZEW
541,£”Dè WIDZEW - £”Dè OLECH”W
542,GAJEWNIKI - ZDU—SKA WOLA KARSZNICE
543,GAJEWNIKI - DIONIZ”W
544,ZAMK”W - BORYS£AWICE
545,WARSZAWA PRAGA R 2 - WARSZAWA GROCH”W
546,WARSZAWA WSCHODNIA TOWAROWA - WARSZAWA REMBERT”W T6M
547,WARSZAWA PODSKARBI—SKA - WARSZAWA WSCHODNIA TOWAROWA
548,WARSZAWA GDA—SKA R 7 - WARSZAWA GDA—SKA R 11
549,WARSZAWA GDA—SKA R 4 - WARSZAWA GDA—SKA R 8
558,SKIERNIEWICE R24 - SKIERNIEWICE R402
559,PLAVEC PZS - PLAVEC
561,ZAD BIE - ADAMPOL
562,ADAMPOL - LUBLIN TATARY LTB
563,REJOWIEC ZACHODNI - REJOWIEC PO£UDNIOWY
565,CHARZEWICE - STALOWA WOLA ROZWAD”W TOWAROWY
566,SKARØYSKO-KAMIENNA SKA - SKARØYSKO KAMIENNA SKE
567,PIASKI - KIELCE HERBSKIE
568,SITK”WKA NOWINY - SZCZUKOWICE
569,RADKOWICE - BRZEZINY
570,PSARY - STARZYNY
571,CZARNCA - KNAP”WKA
572,W£OSZCZOWA P”£NOC - ØELIS£AWICE
573,IDZIKOWICE - RADZICE
574,RADZICE 1 - IDZIKOWICE
575,SZELIGI - MARK”W
576,WOLAN”W - ROØKI
577,GARBATKA-LETNISKO - SIECIECH”W
578,GARBATKA-LETNISKO - WYSOKIE KO£O
579,STAWY - D BLIN DB
580,WIEPRZ - WIS£A
581,åWIDNIK - åWIDNIK PORT LOTNICZY
585,RADOM G£”WNY - RADOM WSCHODNI
588,LUBLIN RURY R3 - LUBLIN RURY R12
590,TANVALD - GRANICA PA—STWA (JAKUSZYCE)
591,CESKY TESIN TOWAROWY - CESKY TESIN
592,BOHUMIN VRBICE R606 - GRANICA PA—STWA (CHA£UPKI)
593,BOHUMIN VRBICE - BOHUMIN VRBICE R606
594,BREST SIEVIERNYJ - GRANICA PA—STWA (TERESPOL SZ)
595,PARK BUG - GRANICA PA—STWA (TERESPOL SZ)
596,ØELEZNODOROØNYJ - GRANICA PA—STWA (ANIELIN GRADOWO SZ)
597,MAMONOVO - GRANICA PA—STWA (BRANIEWO)
598,MAMONOWO - GRANICA PA—STWA (BRANIEWO SZ)
599,ØELEZNODOROØNYJ - GRANICA PA—STWA (SKANDAWA)
601,KRAK”W PRZEDMIEåCIE - KRAK”W G£”WNY R 326
602,KRAK”W PRZEDMIEåCIE - KRAK”W OLSZA
603,KRAK”W PROKOCIM TOWAROWY PRD - KRAK”W BONARKA
604,KRAK”W P£ASZ”W - KRAK”W PROKOCIM TOWAROWY PRA
605,KRAK”W P£ASZ”W - KRAK”W PROKOCIM TOWAROWY PRB
606,KRAK”W PROKOCIM TOWAROWY PRB - KRAK”W BIEØAN”W
607,RACIBOROWICE - D£UBNIA
608,POD£ ØE R 201 - POD£ ØE R 101
609,TARN”W FILIA - TARN”W WSCH”D
611,RZESZ”W G£”WNY - RZESZ”W STARONIWA
612,PRZEWORSK - PRZEWORSK GORLICZYNA
613,ØURAWICA ØRC - HURKO
614,ØURAWICA ØRB - HURKO (SZ)
615,PRZEMYåL G£”WNY - PRZEMYåL BAKO—CZYCE
617,ZAG”RZ R 46 - ZAG”RZ R 101
618,JAS£O TOWAROWA - SOBNI”W
619,STR”ØE SR4 - STR”ØE SR3
624,KRAK”W ZAB£OCIE - KRAK”W BONARKA
625,SUCHA BESKIDZKA P”£NOC - SUCHA BESKIDZKA PO£UDNIE
629,KRAK”W G£”WNY - KRAK”W BIEØAN”W
642,PACZKOWO PODG - BOCZNICA CLIP
651,RADOSZOWY - GOTTWALD
652,KATOWICE MUCHOWIEC KMB - STASZIC
653,KATOWICE MUCHOWIEC - KATOWICE OCHOJEC KOC
654,SZABELNIA - KATOWICE SZOPIENICE P”£NOCNE
655,MYS£OWICE MWB - KATOWICE MUCHOWIEC KMA
656,KATOWICE - BRYN”W
657,KATOWICE SZOPIENICE P”£NOCNE - KATOWICE MUCHOWIEC KMA
658,STAWISKA SK1 R 3 - STAWISKA SK1 R 2
660,SOSNOWIEC PO£UDNIOWY - SOSNOWIEC G£”WNY
661,D•BROWA G”RNICZA TOWAROWA DTA R5 - KOZIO£
663,SOSNOWIEC KAZIMIERZ SKZ2 - SOSNOWIEC KAZIMIERZ SKZ1
665,SOSNOWIEC MACZKI - EUROTERMINAL S£AWK”W
666,SOSNOWIEC MACZKI SMA - JAWORZNO SZCZAKOWA JSC
667,SOSNOWIEC MACZKI - D£UGOSZYN
668,JAWORZNO SZCZAKOWA JSB - D£UGOSZYN
669,JAWORZNO SZCZAKOWA JSE - PIECZYSKA T4P
670,BOROWA G”RKA - JAWORZNO SZCZAKOWA T4B
671,GLIWICE GLA - GLIWICE T3
672,MACIEJ”W P”£NOCNY - ZABRZE MAKOSZOWY KOPALNIA
674,S£AWK”W LHS - EUROTERMINAL S£AWK”W (SZ)
675,SZOBISZOWICE - GLIWICE PORT
676,GLIWICE SOåNICA R 1 - GLIWICE SOåNICA GSB
677,ZABRZE MAKOSZOWY KOPALNIA - MIZER”W
678,BORKI - KATOWICE D•BR”WKA MA£A
679,CHA£UPKI - GRANICA PA—STWA
680,K DZIERZYN-KOèLE KKD - K£ODNICA
681,NOWA WIEå - STARE KOèLE
682,NOWA WIEå - K DZIERZYN KOèLE KKB
684,BOROWIANY - KRUPSKI M£YN
685,DRONIOWICZKI - JAWORNICA
686,HERBY NOWE - LISWARTA
687,KALINA - HERBY STARE
688,RYBNIK TOWAROWY RTA - RYBNIK RBC
689,STUDZIONKA - D BINA
691,N DZA WIEå - TURZE
693,ZABRZEG PODG - BRON”W PODG
694,BRON”W PODG - BIENIOWIEC
695,CIESZYN R 103 - CIESZYN R 102
696,TYCHY MIASTO - TYCHY LODOWISKO
698,MYS£OWICE KOSZTOWY R 103 - MYS£OWICE KOSZTOWY R 205
699,OåWI CIM OWC - OåWI CIM OWC1
700,CZ STOCHOWA - CZ STOCHOWA STRADOM
701,CZ STOCHOWA - KUCELINKA
702,CZ STOCHOWA TOWAROWA - CZ STOCHOWA STRADOM
703,KUCELINKA - CZ STOCHOWA
704,HERBY STARE - HERBY NOWE
705,ZAWIERCIE R125 - ZAWIERCIE R97
706,KATOWICE MUCHOWIEC KMB - KATOWICE OCHOJEC KOC1
707,KATOWICE MUCHOWIEC KMB - STASZIC
709,K DZIERZYN-KOèLE - STARE KOèLE
711,MACIEJ”W P”£NOCNY - GLIWICE T4
713,KATOWICE - CHORZ”W BATORY
714,JAWORZNO SZCZAKOWA JSE - PIECZYSKA T3P
715,BOROWA G”RKA - JAWORZNO SZCZAKOWA T3B
716,PIEKARY åL•SKIE SZARLEJ - BARBARA
717,G”RKI åCIERNIE - FIAT AUTO POLAND
719,J ZOR CENTRALNY JCA - SOSNOWIEC J ZOR GT
720,SOSNOWIEC J ZOR - SOSNOWIEC J ZOR GT
721,GDA—SK PO£UDNIOWY - GDA—SK OLSZYNKA R1
722,GDA—SK ZASPA TOWAROWA ZP1 - GDA—SK WIåLANY
723,GDYNIA CHYLONIA - GDYNIA PORT GPF
724,GDYNIA PORT GPD - GDYNIA PORT GPO
725,GDYNIA G£”WNA R 21 - GDYNIA PORT GPB
726,TCZEW R 71 - ZAJ•CZKOWO TCZEWSKIE ZTB
727,TCZEW - MALINOWO
728,TCZEW R 46 - ZAJ•CZKOWO TCZEWSKIE ZTB
729,G”RKI - ZAJ•CZKOWO TCZEWSKIE
730,ZAJ•CZKOWO TCZEWSKIE ZTD - TCZEW SUCHOSTRZYGI
731,MALINOWO - ZAJ•CZKOWO TCZEWSKIE ZTB
732,TCZEW PO£UDNIE - TCZEW WIS£A
734,NIESZAWKA - TORU— TOWAROWY TRB
735,G”RKI - ZAJ•CZKOWO TCZEWSKIE ZTA
736,GR BOCIN - KATARZYNKA
737,PON T”W - BAR£OGI
739,ZDU—SKA WOLA KARSZNICE - ZDU—SKA WOLA
740,PON T”W - ZAMK”W
741,MIMOWOLA - JAKSICE
742,INOWROC£AW - INOWROC£AW R•BINEK
743,LIPOWA TUCHOLSKA - SZLACHTA
745,BYDGOSZCZ G£”WNA - CZYØK”WKO
747,SZYMANY - SZYMANY LOTNISKO
749,LEGNICA WSCH”D - LEGNICA
750,WROC£AW BROCH”W WBA - STADION
751,WROC£AW G•D”W - WROC£AW ZACHODNI
752,WROC£AW G•D”W - WROC£AW POPOWICE WP3
753,GRABISZYN - WROC£AW G•D”W
754,WROC£AW POPOWICE WP1 - WROC£AW POPOWICE WP4
755,WROC£AW POPOWICE WP4 - WROC£AW POPOWICE WP3
756,STADION - WROC£AW POPOWICE WP4
757,WROC£AW åWIEBODZKI - WROC£AW MUCHOB”R
758,STADION - WROC£AW MUCHOB”R
759,WROC£AW G•D”W - WROC£AW NOWY DW”R
760,WROC£AW åWIEBODZKI - WROC£AW G•D”W
761,GRABISZYN - WROC£AW åWIEBODZKI PGLP
763,WROC£AW BROCH”W WBB - WROC£AW G£”WNY WGA
764,SIECHNICE - WROC£AW BROCH”W WBB
765,WROC£AW BROCH”W WBB - LAMOWICE
766,£UKAN”W - D•BROWA OLEåNICKA
770,D BLIN R11 - D BLIN R273
771,åWIDNICA PRZEDMIEåCIE - åWIDNICA MIASTO
773,BOGUSZ”W GORCE - BOGUSZ”W GORCE TOWAROWY
776,MARCISZ”W - WOJCIESZ”W G”RNY
778,ZGORZELEC R1 - ZGORZELEC R11
779,STUDNISKA - LAS
780,WILKA 2 - WILKA 1
786,GRANICA PA—STWA (TRZCINIEC ZGORZELECKI) - BOGATYNIA
800,POZNA— FRANOWO PFD - POZNA— FRANOWO PFB
801,POZNA— STARO£ KA PSK - POZNA— G”RCZYN
802,POZNA— STARO£ KA PSK - LUBO— K. POZNANIA
803,POZNA— PI•TKOWO - SUCHY LAS
804,POZNA— ANTONINEK - NOWA WIEå POZNA—SKA
805,SWARZ DZ - STARY M£YN
806,POZNA— FRANOWO PFD - NOWA WIEå POZNA—SKA
807,SOKO£OWO WRZESI—SKIE - WRZEåNIA
808,WRZEåNIA - PODSTOLICE
809,BAR£OGI - BORYS£AWICE
810,ZDU—SKA WOLA - DIONIZ”W
811,STARY STAW - FRANKLIN”W
812,K PNO R 5 - HANULIN R 39
813,K PNO KP1 - HANULIN R 5
814,K PNO R 38 - HANULIN R 2
815,DURZYN - KROTOSZYN
816,KROTOSZYN - OSUSZ
819,CHLASTAWA - KOSIECZYN
820,CHLASTAWA - D•BR”WKA ZB•SKA
821,JERZMANICE LUBUSKIE - RZEPIN RZB
822,RZEPIN RZB - DRZE—SKO
823,POZNA— FRANOWO PFD - STARY M£YN
824,POKRZYWNO - POZNA— FRANOWO PFD
826,JAROCIN R 10 - JAROCIN R 16 T111
827,KOSTRZYN R 5 - KOSTRZYN R 208 T13/15a
828,KOSTRZYN R207 - KOSTRZYN R572/T100
829,WARSZAWA PRAGA R 99 - WARSZAWA PRAGA R 100
830,£”Dè OLECH”W £OA - £”Dè OLECH”W £OC (£OA - £OB - £OC)
831,£”Dè OLECH”W £OC - £”Dè OLECH”W £OA
832,£”Dè OLECH”W £OC - £”Dè OLECH”W (£OC - £OLAS - ELEKTROWOZOWNIA)
833,WARSZAWA PRAGA R 41 - WARSZAWA PRAGA R 92
834,WARSZAWA PRAGA R 33 - WARSZAWA PRAGA R 97
835,WARSZAWA PRAGA R 26 - WARSZAWA PRAGA R 106
836,BIA£YSTOK R 1 - BIA£YSTOK R 192
838,WARSZAWA PRAGA R 70 - WARSZAWA PRAGA R 77
839,WARSZAWA GROCH”W R5 - WARSZAWA GROCH”W R535
840,KIELCE HERBSKIE KHA - KIELCE HERBSKIE KHB
841,SKARØYSKO-KAMIENNA SKA - SKARØYSKO-KAMIENNA SY
842,KIELCE HERBSKIE KHA R 230 - KIELCE HERBSKIE KHA R 237
843,LEGIONOWO R 1 - LEGIONOWO R 2
844,WARSZAWA WSCHODNIA TOWAROWA R 42 - WARSZAWA WSCHODNIA TOWAROWA R 51
845,INOWROC£AW R•BINEK - INOWROC£AW CHEMIA
847,KONOPAT - BOCZNICA ZP
848,ZARZECZE - BIA£Y £UG
851,SZCZECIN WSTOWO - SZCZECIN GUMIE—CE
854,SZCZECIN PORT CENTRALNY SPB - DZIEWOKLICZ
855,REGALICA - SZCZECIN PORT CENTRALNY SPA
857,SZCZECIN D•BIE SDA - SZCZECIN D•BIE SDC
858,HAJN”WKA R 1 - HAJN”WKA R 71
859,SZCZYG£OWICE KOPALNIA - KWK SZCZYG£OWICE
860,TRZEBINIA TSA - TRZEBINIA
861,ØURAWICA ØRA - ØURAWICA ØRB
862,RYBNIK TOWAROWY RTB - RADLIN OBSZARY
863,KNUR”W - KWK BUDRYK
864,KATOWICE LIGOTA - KWK WUJEK
865,MAGDALENKA - MA£ASZEWICZE CENTRALNE (MSC)
866,MAGDALENKA - MA£ASZEWICZE ROZRZ•DOWA (MSR)
867,MA£ASZEWICZE CENTRALNE (MSC) - MA£ASZEWICZE (MSE)
868,WARSZAWA SZCZ åLIWICE R 800 - WARSZAWA SZCZ åLIWICE
869,WA£BRZYCH SZCZAWIENKO - WA£BRZYCH ZESP”£ BOCZNIC
872,NOWA WIEå - K DZIERZYN KOèLE KKC
873,PAW£OWICE åL•SKIE - PAW£OWICE G”RNICZE
874,KLESZCZ”W - CIEP£OWNIA
876,WODZIS£AW åL•SKI - RADLIN MARCEL
877,RADLIN OBSZARY - RADLIN MARCEL
878,SUSZEC RUDZICZKA - SUSZEC KOPALNIA
880,CZERWIONKA - KWK D BIE—SKO
882,OåWI CIM - KWK CZECZOTT
883,MYS£OWICE KOSZTOWY MKSC - KWK WESO£A
884,L DZINY - KWK ZIEMOWIT
885,NOWY BIERU— - KWK PIAST
886,DWORY - ZAK£ADY CHEMICZNE DWORY
887,JUP R 1 - KWK JULIAN
888,BYTOM P”£NOCNY - MOSTVA
890,BIERAWA - ZAK£ADY AZOTOWE K DZIERZYN
891,RASZOWA - ZDZIESZOWICE
893,ZABRZE MAKOSZOWY - KWK MAKOSZOWY - ZABRZE MAKOSZOWY KOPALNIA
894,RUDA BIELSZOWICE - KWK HALEMBA
895,GOTTWALD - KWK KLEOFAS
896,PANEWNIK - KWK åL•SK T2
897,PANEWNIK - KWK åL•SK T1
898,STASZIC - KWK STASZIC
900,OSTRO£ KA - GOWORKI
901,WARSZAWA WSCHODNIA TOWAROWA - WARSZAWA REMBERT”W T5M
902,WARSZAWA WSCHODNIA - WARSZAWA WSCHODNIA TOWAROWA T2P
903,"WARSZAWA PODSKARBI—SKA - WARSZAWA GROCH”W T3G,5G"
906,CHOTY£”W - M TRAKI
911,BERNADCZYZNA - OSKIERKI
913,NAREWKA - PLANTA
918,WARSZAWA BEMA - WARSZAWA ZACHODNIA
919,WARSZAWA ZACHODNIA - WARSZAWA OCHOTA POSTOJOWA
920,WARSZAWA ZACHODNIA R 578 - WARSZAWA ZACHODNIA R 217
921,KUTNO - KUTNO AZORY LOKOMOTYWOWNIA
923,BUFA£OWO WSCH”D - BUFA£OWO S (SZ)
928,SOKOLE - SOKOLE NAFTOBAZA
930,LUBLIN G£”WNY - LUBLIN TATARY
931,HRUBIESZ”W MIASTO - HRUBIESZ”W TOWAROWY
933,CHMIEL”W - MACH”W
934,MA£OGOSZCZ M£1 - MA£OGOSZCZ PARK TOWAROWY
935,LUBLIN G£”WNY LbA - LUBLIN G£”WNY LbC
936,SKARØYSKO-KAMIENNA SKB - SKARØYSKO-KAMIENNA SY
937,WARSZAWA OK CIE - JEZIORNA
939,£”Dè D•BROWA - £”Dè D•BROWA PRZEMYS£OWA (EC4)
940,KRAK”W NOWA HUTA NHB - KRAK”W KRZES£AWICE
941,KRAK”W NOWA HUTA NHE - KOåCIELNIKI T1001
942,KOåCIELNIKI - KRAK”W NOWA HUTA NHB T1002
943,KRAK”W NOWA HUTA NHA - KRAK”W NOWA HUTA NHC
944,KRAK”W NOWA HUTA NHA - KRAK”W NOWA HUTA NHD
945,KRAK”W PROKOCIM PRD - KRAK”W PROKOCIM PRB
947,KRAK”W OLSZA - KRAK”W £ G
950,TARNOWSKIE G”RY TGA - TARNOWSKIE G”RY TGE
951,TARNOWSKIE G”RY TGA - TARNOWSKIE G”RY TGE
954,"""TARNOWSKIE G”RY TGB - TARNOWSKIE G”RY TGD (GRUPA TOR”W """"C"""")"""
957,RYBNIK - RYBNIK TOWAROWY RTF
958,RYBNIK TOWAROWY RTB R203 - RYBNIK TOWAROWY RTB R301/302
959,RYBNIK TOWAROWY RTD - RYBNIK TOWAROWY RTE
960,GDYNIA G£”WNA - GDYNIA POSTOJOWA
961,GDYNIA POSTOJOWA GP14 - GDYNIA PORT GPC
963,GDYNIA G£”WNA R 81 - GDYNIA G£”WNA R 95
964,GDYNIA POSTOJOWA GP15 - GDYNIA CHYLONIA
965,GDA—SK PORT P”£NOCNY R4 - GDA—SK PORT P”£NOCNY
966,DZIA£DOWO R 102 - DZIA£DOWO R 101
967,I£AWA R 1 - I£AWA R 142
968,I£AWA R 2 - I£AWA R 51
970,MIETK”W - MIETK”W BOCZNICA MAJKOLTRANS
971,LUBIN - LUBIN KOPALNIA PLK
972,PAW£OWICE MA£E - PAW£OWICE MA£E FABRYCZNY
973,BOLES£AWIEC - WIZ”W
974,RAKOWICE ØWIROWNIA - RAKOWICE ZKGM
975,W GLINIEC SKP - W GLINIEC WG
976,BOGUSZ”W GORCE ZACH”D - CZARNY B”R
977,OPOLE CZARNOW•SY - ELEKTROWNIA OPOLE
978,PRZYWORY OPOLSKIE - CHORULA CEMENTOWNIA G”RAØDØE
979,TARNOWSKIE G”RY TGC - TARNOWSKIE G”RY TGC
980,CZERWIE—SK OSOBOWY CK - CZERWIE—SK TOWAROWY T100
981,RZEPIN RzA R 3 - RZEPIN RzB R 102 T44
982,ZB•SZYNEK R 463 - ZB•SZYNEK R 47 T185a/117/8
983,JAROCIN R 286 - JAROCIN R 152 T25
984,POZNA— FRANOWO PFB - POZNA— FRANOWO PFA T209/200/150/103
987,TARN”W MOåCICE - MOåCICE AZOTY
988,PRZEWORSK R 66 - PRZEWORSK TOWAROWY R 112
989,HURKO - MEDYKA TOWAROWA R34
990,SZCZECIN PORT CENTRALNY SPA - SZCZECIN PORT CENTRALNY SPD32
991,SZCZECIN PORT CENTRALNY SPA - SZCZECIN PORT CENTRALNY LOKOMOTYWOWNIA
992,SZCZECIN PORT CENTRALNY SPA - SZCZECIN PORT CENTRALNY SPC
993,SZCZECIN PORT CENTRALNY SPB - SZCZECIN PORT CENTRALNY SPB T400
994,SZCZECIN PORT CENTRALNY SPB17 - SZCZECIN PORT CENTRALNY SPB15
995,SZCZECIN PORT CENTRALNY SPD31 - NABRZEØE STAR”WKA T846
996,LUBIEWO - åWINOUJåCIE SIB
997,åWINOUJåCIE SIB - BAZA PROM”W MORSKICH
998,SZCZECIN WSTOWO - ELEKTROWNIA POMORZANY
999,PI£A G£”WNA - PI£A P”£NOC
